{"cameraMode":{"drawMode":0,"name":"Shaded","section":"Shading Mode"},"sceneLighting":true,"audioPlay":false,"sceneViewState":{"showFog":true,"showMaterialUpdate":false,"showSkybox":true,"showFlares":true,"showImageEffects":true,"showParticleSystems":true},"in2DMode":false,"pivot":{"x":1.15643310546875,"y":16.8408203125,"z":-4.99609375},"rotation":{"x":0.2414063960313797,"y":-0.10889970511198044,"z":0.02727370522916317,"w":0.9639086723327637},"size":11.294346809387207,"orthographic":true}