{"cameraMode":{"drawMode":0,"name":"Shaded","section":"Shading Mode"},"sceneLighting":true,"audioPlay":false,"sceneViewState":{"showFog":true,"showMaterialUpdate":false,"showSkybox":true,"showFlares":true,"showImageEffects":true,"showParticleSystems":true},"in2DMode":false,"pivot":{"x":5.499545097351074,"y":10.100000381469727,"z":2.448554515838623},"rotation":{"x":-0.00680961087346077,"y":0.8491948843002319,"z":-0.01095365360379219,"w":-0.5279220938682556},"size":6.61618709564209,"orthographic":true}