{"cameraMode":{"drawMode":0,"name":"Shaded","section":"Shading Mode"},"sceneLighting":true,"audioPlay":false,"sceneViewState":{"showFog":true,"showMaterialUpdate":false,"showSkybox":true,"showFlares":true,"showImageEffects":true,"showParticleSystems":true},"in2DMode":false,"pivot":{"x":9.5367431640625e-7,"y":1.0,"z":-0.0000019073486328125},"rotation":{"x":0.08316446095705033,"y":0.26573655009269717,"z":-0.023016363382339479,"w":0.9601760506629944},"size":8.38306713104248,"orthographic":true}