{"cameraMode":{"drawMode":0,"name":"Shaded","section":"Shading Mode"},"sceneLighting":true,"audioPlay":false,"sceneViewState":{"showFog":true,"showMaterialUpdate":false,"showSkybox":true,"showFlares":true,"showImageEffects":true,"showParticleSystems":true},"in2DMode":false,"pivot":{"x":-1.87939453125,"y":7.76611328125,"z":-5.349609375},"rotation":{"x":0.11818450689315796,"y":0.02531835064291954,"z":-0.00301445834338665,"w":0.9926642775535584},"size":16.790712356567384,"orthographic":true}