{"cameraMode":{"drawMode":0,"name":"Shaded","section":"Shading Mode"},"sceneLighting":true,"audioPlay":false,"sceneViewState":{"showFog":true,"showMaterialUpdate":false,"showSkybox":true,"showFlares":true,"showImageEffects":true,"showParticleSystems":true},"in2DMode":false,"pivot":{"x":-2.4399898052215578,"y":11.34375,"z":-5.005523681640625},"rotation":{"x":0.22178980708122254,"y":-0.07888297736644745,"z":0.018004437908530237,"w":0.9717317819595337},"size":11.679780960083008,"orthographic":true}