{"cameraMode":{"drawMode":0,"name":"Shaded","section":"Shading Mode"},"sceneLighting":true,"audioPlay":false,"sceneViewState":{"showFog":true,"showMaterialUpdate":false,"showSkybox":true,"showFlares":true,"showImageEffects":true,"showParticleSystems":true},"in2DMode":false,"pivot":{"x":-0.29604169726371767,"y":7.91015625,"z":-0.3571162223815918},"rotation":{"x":0.07112058252096176,"y":0.07772204279899597,"z":-0.00555866165086627,"w":0.9944195747375488},"size":26.238636016845704,"orthographic":true}