{"cameraMode":{"drawMode":0,"name":"Shaded","section":"Shading Mode"},"sceneLighting":true,"audioPlay":false,"sceneViewState":{"showFog":true,"showMaterialUpdate":false,"showSkybox":true,"showFlares":true,"showImageEffects":true,"showParticleSystems":true},"in2DMode":false,"pivot":{"x":6.25390625,"y":16.497802734375,"z":-2.470703125},"rotation":{"x":0.030014585703611375,"y":-0.46417132019996645,"z":0.01574055291712284,"w":0.8850968480110169},"size":21.072477340698243,"orthographic":true}