{"cameraMode":{"drawMode":0,"name":"Shaded","section":"Shading Mode"},"sceneLighting":true,"audioPlay":false,"sceneViewState":{"showFog":true,"showMaterialUpdate":false,"showSkybox":true,"showFlares":true,"showImageEffects":true,"showParticleSystems":true},"in2DMode":false,"pivot":{"x":3.206019639968872,"y":2.23828125,"z":-5.340229511260986},"rotation":{"x":0.2263604998588562,"y":0.6001600623130798,"z":-0.1823015809059143,"w":0.7452079653739929},"size":9.196773529052735,"orthographic":true}