{"cameraMode":{"drawMode":0,"name":"Shaded","section":"Shading Mode"},"sceneLighting":true,"audioPlay":false,"sceneViewState":{"showFog":true,"showMaterialUpdate":false,"showSkybox":true,"showFlares":true,"showImageEffects":true,"showParticleSystems":true},"in2DMode":false,"pivot":{"x":4.24365234375,"y":5.218505859375,"z":-7.673828125},"rotation":{"x":-0.08302980661392212,"y":0.1432977318763733,"z":-0.012052901089191437,"w":-0.9861169457435608},"size":11.437444686889649,"orthographic":true}