{"cameraMode":{"drawMode":0,"name":"Shaded","section":"Shading Mode"},"sceneLighting":true,"audioPlay":false,"sceneViewState":{"showFog":true,"showMaterialUpdate":false,"showSkybox":true,"showFlares":true,"showImageEffects":true,"showParticleSystems":true},"in2DMode":false,"pivot":{"x":6.630859375,"y":5.0697021484375,"z":1.484130859375},"rotation":{"x":0.06131703779101372,"y":-0.8005279302597046,"z":0.0831524208188057,"w":0.5903228521347046},"size":12.19604778289795,"orthographic":true}