{"cameraMode":{"drawMode":0,"name":"Shaded","section":"Shading Mode"},"sceneLighting":true,"audioPlay":false,"sceneViewState":{"showFog":true,"showMaterialUpdate":false,"showSkybox":true,"showFlares":true,"showImageEffects":true,"showParticleSystems":true},"in2DMode":false,"pivot":{"x":1.2717268466949463,"y":9.149999618530274,"z":0.9447946548461914},"rotation":{"x":0.12782788276672364,"y":0.49799105525016787,"z":-0.07450231909751892,"w":0.8544672727584839},"size":18.15078353881836,"orthographic":true}