{"cameraMode":{"drawMode":0,"name":"Shaded","section":"Shading Mode"},"sceneLighting":false,"audioPlay":false,"sceneViewState":{"showFog":true,"showMaterialUpdate":false,"showSkybox":true,"showFlares":true,"showImageEffects":true,"showParticleSystems":true},"in2DMode":false,"pivot":{"x":-6.619999885559082,"y":25.0,"z":-1.8600000143051148},"rotation":{"x":0.09053392708301544,"y":0.46989116072654726,"z":-0.04852219671010971,"w":0.876727819442749},"size":2.857883930206299,"orthographic":true}