{"cameraMode":{"drawMode":0,"name":"Shaded","section":"Shading Mode"},"sceneLighting":false,"audioPlay":false,"sceneViewState":{"showFog":true,"showMaterialUpdate":false,"showSkybox":true,"showFlares":true,"showImageEffects":true,"showParticleSystems":true},"in2DMode":false,"pivot":{"x":4.000000953674316,"y":0.25000011920928957,"z":-3.6953516006469728},"rotation":{"x":0.2884736657142639,"y":0.09088393300771713,"z":-0.02751726284623146,"w":0.9527674913406372},"size":17.98973274230957,"orthographic":true}