{"cameraMode":{"drawMode":0,"name":"Shaded","section":"Shading Mode"},"sceneLighting":true,"audioPlay":false,"sceneViewState":{"showFog":true,"showMaterialUpdate":false,"showSkybox":true,"showFlares":true,"showImageEffects":true,"showParticleSystems":true},"in2DMode":false,"pivot":{"x":0.5101922750473023,"y":18.375,"z":-1.5524170398712159},"rotation":{"x":0.4276520311832428,"y":-0.004067664500325918,"z":0.0019246232695877553,"w":0.9039322733879089},"size":28.97512435913086,"orthographic":true}