{"cameraMode":{"drawMode":0,"name":"Shaded","section":"Shading Mode"},"sceneLighting":true,"audioPlay":false,"sceneViewState":{"showFog":true,"showMaterialUpdate":false,"showSkybox":true,"showFlares":true,"showImageEffects":true,"showParticleSystems":true},"in2DMode":false,"pivot":{"x":3.206019639968872,"y":2.23828125,"z":-5.340229511260986},"rotation":{"x":0.2263605147600174,"y":0.6001601219177246,"z":-0.1823015958070755,"w":0.7452080249786377},"size":9.196773529052735,"orthographic":true}