{"cameraMode":{"drawMode":0,"name":"Shaded","section":"Shading Mode"},"sceneLighting":true,"audioPlay":false,"sceneViewState":{"showFog":true,"showMaterialUpdate":false,"showSkybox":true,"showFlares":true,"showImageEffects":true,"showParticleSystems":true},"in2DMode":false,"pivot":{"x":4.25762939453125,"y":27.487335205078126,"z":-1.53564453125},"rotation":{"x":0.09208355844020844,"y":0.06268995255231857,"z":-0.005808941554278135,"w":0.9937589764595032},"size":12.525938034057618,"orthographic":true}