{"cameraMode":{"drawMode":0,"name":"Shaded","section":"Shading Mode"},"sceneLighting":false,"audioPlay":false,"sceneViewState":{"showFog":true,"showMaterialUpdate":false,"showSkybox":true,"showFlares":true,"showImageEffects":true,"showParticleSystems":true},"in2DMode":false,"pivot":{"x":4.000000953674316,"y":0.25000011920928957,"z":-2.8285012245178224},"rotation":{"x":0.17830803990364076,"y":-0.45312395691871645,"z":0.09303280711174011,"w":0.8684641122817993},"size":16.187814712524415,"orthographic":true}