{"cameraMode":{"drawMode":0,"name":"Shaded","section":"Shading Mode"},"sceneLighting":true,"audioPlay":false,"sceneViewState":{"showFog":true,"showMaterialUpdate":false,"showSkybox":true,"showFlares":true,"showImageEffects":true,"showParticleSystems":true},"in2DMode":false,"pivot":{"x":0.0,"y":1.285875678062439,"z":-0.8712311387062073},"rotation":{"x":-0.05698104202747345,"y":-0.22359876334667207,"z":0.01309575792402029,"w":-0.9729261994361877},"size":4.057396411895752,"orthographic":true}