{"cameraMode":{"drawMode":0,"name":"Shaded","section":"Shading Mode"},"sceneLighting":true,"audioPlay":false,"sceneViewState":{"showFog":true,"showMaterialUpdate":false,"showSkybox":true,"showFlares":true,"showImageEffects":true,"showParticleSystems":true},"in2DMode":false,"pivot":{"x":0.236328125,"y":13.4326171875,"z":0.6357421875},"rotation":{"x":-0.11644631624221802,"y":0.36201146245002749,"z":-0.04563601315021515,"w":-0.9237452745437622},"size":12.768007278442383,"orthographic":true}