{"cameraMode":{"drawMode":0,"name":"Shaded","section":"Shading Mode"},"sceneLighting":true,"audioPlay":false,"sceneViewState":{"showFog":true,"showMaterialUpdate":false,"showSkybox":true,"showFlares":true,"showImageEffects":true,"showParticleSystems":true},"in2DMode":false,"pivot":{"x":-0.53857421875,"y":0.989501953125,"z":-6.96923828125},"rotation":{"x":0.14883998036384583,"y":-0.004762792028486729,"z":0.0006886201445013285,"w":0.9888496398925781},"size":3.493903875350952,"orthographic":true}