{"cameraMode":{"drawMode":0,"name":"Shaded","section":"Shading Mode"},"sceneLighting":true,"audioPlay":false,"sceneViewState":{"showFog":true,"showMaterialUpdate":false,"showSkybox":true,"showFlares":true,"showImageEffects":true,"showParticleSystems":true},"in2DMode":false,"pivot":{"x":6.01171875,"y":3.688720703125,"z":0.460357666015625},"rotation":{"x":-0.01670958288013935,"y":-0.9793506860733032,"z":0.17972993850708009,"w":-0.09105005115270615},"size":3.687950849533081,"orthographic":true}