{"cameraMode":{"drawMode":0,"name":"Shaded","section":"Shading Mode"},"sceneLighting":true,"audioPlay":false,"sceneViewState":{"showFog":true,"showMaterialUpdate":false,"showSkybox":true,"showFlares":true,"showImageEffects":true,"showParticleSystems":true},"in2DMode":false,"pivot":{"x":0.109100341796875,"y":1.8681640625,"z":-6.29638671875},"rotation":{"x":0.14273005723953248,"y":0.22214631736278535,"z":-0.03289279714226723,"w":0.9639487862586975},"size":1.6623293161392213,"orthographic":true}