{"cameraMode":{"drawMode":0,"name":"Shaded","section":"Shading Mode"},"sceneLighting":true,"audioPlay":false,"sceneViewState":{"showFog":true,"showMaterialUpdate":false,"showSkybox":true,"showFlares":true,"showImageEffects":true,"showParticleSystems":true},"in2DMode":false,"pivot":{"x":0.04736328125,"y":0.9339141845703125,"z":-0.720794677734375},"rotation":{"x":-0.03223123401403427,"y":0.2136196792125702,"z":-0.007053504232317209,"w":-0.9763596057891846},"size":1.283259630203247,"orthographic":true}