{"cameraMode":{"drawMode":0,"name":"Shaded","section":"Shading Mode"},"sceneLighting":true,"audioPlay":false,"sceneViewState":{"showFog":true,"showMaterialUpdate":false,"showSkybox":true,"showFlares":true,"showImageEffects":true,"showParticleSystems":true},"in2DMode":false,"pivot":{"x":-2.071680784225464,"y":15.689453125,"z":2.752131700515747},"rotation":{"x":0.017499471083283426,"y":-0.9819115400314331,"z":0.1493043601512909,"w":0.11511636525392533},"size":16.45770263671875,"orthographic":true}