{"cameraMode":{"drawMode":0,"name":"Shaded","section":"Shading Mode"},"sceneLighting":true,"audioPlay":false,"sceneViewState":{"showFog":true,"showMaterialUpdate":false,"showSkybox":true,"showFlares":true,"showImageEffects":true,"showParticleSystems":true},"in2DMode":false,"pivot":{"x":0.7587890625,"y":0.258056640625,"z":0.17431640625},"rotation":{"x":-0.16662093997001649,"y":-0.6321167349815369,"z":0.14168566465377809,"w":-0.7433648109436035},"size":2.9687933921813967,"orthographic":true}