{"cameraMode":{"drawMode":0,"name":"Shaded","section":"Shading Mode"},"sceneLighting":true,"audioPlay":false,"sceneViewState":{"showFog":true,"showMaterialUpdate":false,"showSkybox":true,"showFlares":true,"showImageEffects":true,"showParticleSystems":true},"in2DMode":false,"pivot":{"x":6.771978378295898,"y":12.24920654296875,"z":-6.2261857986450199},"rotation":{"x":0.2061925232410431,"y":-0.044325005263090137,"z":0.009349334053695202,"w":0.9774623513221741},"size":13.825708389282227,"orthographic":true}