{"cameraMode":{"drawMode":0,"name":"Shaded","section":"Shading Mode"},"sceneLighting":true,"audioPlay":false,"sceneViewState":{"showFog":true,"showMaterialUpdate":false,"showSkybox":true,"showFlares":true,"showImageEffects":true,"showParticleSystems":true},"in2DMode":false,"pivot":{"x":-0.116943359375,"y":0.916748046875,"z":0.501953125},"rotation":{"x":-0.12425068765878678,"y":0.16352826356887818,"z":-0.02076636254787445,"w":-0.9784626364707947},"size":4.272306442260742,"orthographic":true}