{"cameraMode":{"drawMode":0,"name":"Shaded","section":"Shading Mode"},"sceneLighting":false,"audioPlay":false,"sceneViewState":{"showFog":true,"showMaterialUpdate":false,"showSkybox":true,"showFlares":true,"showImageEffects":true,"showParticleSystems":true},"in2DMode":false,"pivot":{"x":0.0,"y":0.25000008940696719,"z":-1.1715006828308106},"rotation":{"x":0.2884736657142639,"y":0.09088393300771713,"z":-0.02751726284623146,"w":0.9527674913406372},"size":34.71923065185547,"orthographic":true}