{"cameraMode":{"drawMode":0,"name":"Shaded","section":"Shading Mode"},"sceneLighting":false,"audioPlay":false,"sceneViewState":{"showFog":true,"showMaterialUpdate":false,"showSkybox":true,"showFlares":true,"showImageEffects":true,"showParticleSystems":true},"in2DMode":false,"pivot":{"x":0.30000004172325137,"y":-0.10998010635375977,"z":0.0},"rotation":{"x":0.182000994682312,"y":0.12353384494781494,"z":-0.023053940385580064,"w":0.9752352237701416},"size":2.0504870414733888,"orthographic":true}